Thumbnails,Title,Quantity,SKU,Category,SubCategory
https://lh3.googleusercontent.com/d/1K0aXhGvM80qjf800tHb4YcwGs0jQQqw4,BLS Shelf Cart Extras,1,101,Task Trainers,BLS
https://lh3.googleusercontent.com/d/1D-BPGvrLB3YnOPz_Rml_6v-oo-DxMOXj,BLS Stretcher ,4,102,Task Trainers,BLS
https://lh3.googleusercontent.com/d/1ZYw4j3oghsMCPTjhrPEB1iOfhHixghMg,CPRC-01,5,104,Task Trainers,Carts
https://lh3.googleusercontent.com/d/1kqmEur3WdkKcys8kACvulQSbK2d09eeT,FFMC-01,2,105,Task Trainers,Carts
https://lh3.googleusercontent.com/d/13FcipOnARQfY2glOkE1iFgfWHP4tQdyN,IO Kit-01,3,106,Task Trainers,Circulation
https://lh3.googleusercontent.com/d/1Yql628tDmbPBSaLRRu-M1gRldxxjRoe3,Mock Crash Cart,1,107,Medical Devices,Carts
https://lh3.googleusercontent.com/d/1wbW_VrmOhdxYtRczTVL5WhMUw8jrvRJ6,Red Drug Bag,4,108,Simulated Equipment,Mock Medicine
https://lh3.googleusercontent.com/d/1qUzVLUzz7NOGuD4rnks-JacJx5OaGM1V,Sim Monitor iPad Set of 2,0,109,Simulated Equipment,App
https://lh3.googleusercontent.com/d/164cXdUwMLdxyLtfK8Ykz4af96v3Vl25k,Sim Ultrasound iPad Set,0,110,Simulated Equipment,App
https://lh3.googleusercontent.com/d/1_G4JeZDpTtK5_k4J-Hww8Qnc8P_EtohA,Sim To Go Cart,0,111,All,Carts
https://lh3.googleusercontent.com/d/1rn4XQqSdfA0PjS_MfkNQmwE1whbPXkK5,ResusMonitor,1,112,Simulated Equipment,App
https://lh3.googleusercontent.com/d/16Ls7uX9jNuTluKaYOYc3E721uiLjLrhQ,Simulated Ice Bag,1,113,Simulated Equipment,Prop
https://lh3.googleusercontent.com/d/1kZ9_fmLLn2rK3WBwKxBd22hXR4INNEdO,Simulated Glucometer,1,114,Simulated Equipment,App
https://lh3.googleusercontent.com/d/1r_Iqw4b8uhLkckAWSqZJQQX5BAyhEO_G,HAL 1 (Max),0,201VD,Simulators,Child
https://lh3.googleusercontent.com/d/1QQYqk2_9QgI4T4hypG4LgUZhzxH9GIsk,HAL 1 (Frank),0,201VL,Simulators,Child
https://lh3.googleusercontent.com/d/1Lni1T2zLqgKkb_7ouUtznDvaHwm3DFvW,HAL 5 (Lefty),0,202,Simulators,Child
https://lh3.googleusercontent.com/d/1qZEDKL3qUInoW8qOod1WhlJfMpzEp_i8,Premie HAL (Peter),0,203,Simulators,Infant
https://lh3.googleusercontent.com/d/1CkDG4P5wRlIHMJPJ0RKxOj1djhLeooXs,Sim Baby (Simone),0,204,Simulators,Infant
https://lh3.googleusercontent.com/d/1Nc0_jH-dRw_hHbS3yMKcLEggD31TdbVh,Sim Baby Classic (TDB),0,205,Simulators,Infant
https://lh3.googleusercontent.com/d/1iLyPOkvcPVuGLfEOfbnCgMBEdEeq7PfX,Sim Junior (Goldy),0,206VL,Simulators,Child
https://lh3.googleusercontent.com/d/1CxAet1qU_wqxwG3jgkd_yKpYPV9jhj5Q,Sim Junior (Jackie),0,206VM,Simulators,Child
https://lh3.googleusercontent.com/d/1scV-2p0cNbCph3pRCPrE_UEtXYRBSOX8,Sim Mom (Leslie),1,208,Simulators,Adult
https://lh3.googleusercontent.com/d/1Hjh5HTxH8vuyGQ_Dlwz3WgTp9YbWBYZy,Sim Mom (Theresa),1,209,Simulators,Adult
https://lh3.googleusercontent.com/d/12uGjdWibYnHaKWhU8EWbzk2xLqu_VaQo,Sim Newbie Classic (Greg),0,210,Simulators,Infant
https://lh3.googleusercontent.com/d/1SFERlFlUeKN5AbeAoUWAIhIX5SZcUVKA,Premature Anne,1,211,Simulators,Infant
https://lh3.googleusercontent.com/d/1GIVvzhnELNZO4HUnlBNLRmpvKCjZE5Fc,IV Task Trainer 01,0,301,Task Trainers,Circulation
https://lh3.googleusercontent.com/d/1IPjAJ6fQOSjrPQpEWObYn1hmBuj_uYtv,Little Anne QCPR %2301,0,302,Task Trainers,BLS
https://lh3.googleusercontent.com/d/1gsuBPr5CanxN9vbvBmkdyvKOhhZ5zFI8,Intubation Head Adult,2,303,Task Trainers,Airway
https://lh3.googleusercontent.com/d/1j7MkkS0tNxercxzeyLIS5EpWznP47ZfK,Intubation Head Infant,2,304,Task Trainers,Airway
https://lh3.googleusercontent.com/d/1qWc1GTqpTPtdSrFKFpDofrFLypRnYby8,Little Baby QCPR,0,305,Task Trainers,BLS
https://lh3.googleusercontent.com/d/1zdLdY0nqh71QkWg0tYMUojVs1dkcwtxd,Little Junior QCPR %2301,0,306,Task Trainers,BLS
https://lh3.googleusercontent.com/d/1c5vDmTrVrCk999NJSbxU4AVvIzfCbaXd,TraumaMan w/Surgical Abdomen,0,307,Task Trainers,Multiple
https://lh3.googleusercontent.com/d/1F1k-GpwqvSerTNDPqWjJjMQlzqeDwuwN,Ultrasound IV Task Trainer 01,0,308,Task Trainers,Circulation
https://lh3.googleusercontent.com/d/19SHu57dBrb1gjqrjUaghfes0KS596O-D,Cricothyrotomy Trainer,1,309,Task Trainers,Airway
https://lh3.googleusercontent.com/d/1lhrTRsDLr3_UUPNyN7VHh6bC4OCHvLkc,Mama Birthie,0,310,Task Trainers,Wearable
https://lh3.googleusercontent.com/d/1YYPrd8aWBPstHtIlwZ5cYrUcMJABhtfz,Mama Natalie,0,311,Task Trainers,Wearable
https://lh3.googleusercontent.com/d/1Lw0GzVr1lVdwhiE2t4tFFLNwSdYSMUfB,Chester Chest,1,312,Task Trainers,Circulation
https://lh3.googleusercontent.com/d/10p9lJ3n6vyWO4FHpit0-Nc7o7oh9en6P,Chest Drain Insertion Simulator,1,313,Task Trainers,Breathing
https://lh3.googleusercontent.com/d/1XTlIrnqu9fJ-xxme9POYUPVKinIzAD3K,Vascular Access Child,1,314,Task Trainers,Circulation
https://lh3.googleusercontent.com/d/1nJZDJAMlTwb7OhMfsQlwYzFGhtYIG876,Femoral Line Man,1,315,Task Trainers,Circulation
https://lh3.googleusercontent.com/d/10KT2G7UWC_tUpodZf_qZ77teMTmccPIG,Pediatric Intubation Trainer Torso,3,316,Task Trainers,Airway
https://lh3.googleusercontent.com/d/190VOxpIyBfPO2nkJC847LZlMsSpog2XV,Baby Anne,11,317,Task Trainers,Manikins
https://lh3.googleusercontent.com/d/1-MTxI2ZFPpunL0f1dQLEdI4k9uWsbUMG,Resusci Junior Basic,2,318,Task Trainers,Manikins
https://lh3.googleusercontent.com/d/1-sY64G6NHB6v1_CeK0VLPvDE03Z6gK9A,Jaw Thrust Kyle CPR,3,319,Task Trainers,Manikins
https://lh3.googleusercontent.com/d/1dUEFt1jGLCteTugL-YmMcd9TiYWgFURo,Kim Newborn CPR,4,320,Task Trainers,Manikins
https://lh3.googleusercontent.com/d/1vTOoerSW5JAttcZP3R0eIJf3txr77A4f,Resusci Baby First Aid,1,321,Task Trainers,Manikins
https://lh3.googleusercontent.com/d/1fczj-Vpd49CvNeRbz7oVpbSOjNSk5tZ9,Baby Umbi,1,322,Task Trainers,Manikins
https://lh3.googleusercontent.com/d/1dYQV1oG-pCLuX-VPEi1TW2x7jLXp8VtW,Resusci Anne First Aid Full Body,1,324,Task Trainers,Manikins
https://lh3.googleusercontent.com/d/1K07GM1NT4A46yMxrU5dldM0UfS_JmRHG,Lumbar Puncture Baby,1,325,Task Trainers,Circulation
https://lh3.googleusercontent.com/d/1Eu3aNVsVtIMCNKQT7HdFZXbelR_pi55B,Intraosseous Access Knee Injection,1,326,Task Trainers,Circulation
https://lh3.googleusercontent.com/d/17Ak4GRToAB4TNOCjvjigqnOGKn2HqJSr,Left IO Leg Infant,1,327,Task Trainers,Circulation
https://lh3.googleusercontent.com/d/1jwfWDO3c-wAPH_AqDjGZ7HETwp1daP4S,Pediatric Intraosseous Leg,1,328,Task Trainers,Circulation
https://lh3.googleusercontent.com/d/1sqQEs81UUgdv2aqrhWhrptd1UqiMKZEd,TruBaby X,1,329,Task Trainers,Manikins
,Defib Cart,2,401,Medical Devices,Carts
,WOW,4,402,Medical Devices,Electronics
,Zoll Defibrilator,,403,Medical Devices,Circulation
,Ambu® SPUR® II – Disposable Resuscitator,1,405,Medical Devices,Breathing
,ZOLL Adult A/A Pads - Real Demo - For Training Purposes Only,1,406,Medical Devices,Circulation
,ZOLL Pediatric A/A Pads - Real Demo - For Training Purposes Only,1,407,Medical Devices,Circulation
,ShockLink System,1,408,Simulated Equipment,App
,Mock Thermometer,1,409,Simulated Equipment,Prop
,C Spine Hard Collar,1,410,Medical Devices,Prop
,Rhythm Generator 12-Lead ECG Simulator,1,411,Simulated Equipment,App
,Mock Blood and Plasma Products,1,412,Simulated Equipment,Prop
,Verathon GlideScope Monitor with Baton,1,413,Medical Devices,Circulation
,Manikin Attire,1,414,Simulated Equipment,Prop
,BD Bard Site Rite 6,1,415,Medical Devices,Circulation
,IV Pole,6,416,Medical Devices,Circulation
,Arrow EZ-IO Intraosseous Vascular Access System,4,417,Medical Devices,Circulation
,Surgical Step Stools Stackable and Interlock,22,418,Medical Devices,BLS
,Hospital Stretcher,10,419,Medical Devices,Carts
,Pediatric Crib,1,420,Medical Devices,Carts
,Blood Clots,4,421,Simulated Equipment,Prop
,Scrubs XS,1,422,Medical Devices,Prop
,SkillGuide,1,423,Task Trainers,BLS
,Mini AED Trainer,1,502,Simulated Equipment,Circulation
,ABC Box,2,503,Simulated Equipment,Breathing
,Jabra 750 speaker JA01,0,601,Technology,Electronics
,Jabra Panacast,0,602,Technology,Electronics
,Jabra Speaker 510 JA01,0,603,Technology,Electronics
,iPad 9,0,604,Technology,Electronics
,iPad mini,0,605,Technology,Electronics
,Surface pro 7 ,2,607,Technology,Electronics
,Surface Pro 9,2,608,Technology,Electronics
,BenQ HT2050A 1080P Home Theater Projector,1,609,Technology,Electronics
,Fujitsu Tablet PC,4,610,Technology,Electronics
,Debrief Room A,1,E616,Rooms,Debrief Rooms
,Sim Room 1,1,E617,Rooms,Simulation Rooms
,Debrief Room B,1,E618,Rooms,Debrief Rooms
,Sim Room 2,1,E619,Rooms,Simulation Rooms
,Sim Room 3,1,E621,Rooms,Simulation Rooms
,Sim Room 4,1,E625,Rooms,Simulation Rooms
,Debrief Room C,1,E626,Rooms,Classrooms
,Debrief Room D,1,E627,Rooms,Debrief Rooms
